-- phpMyAdmin SQL Dump
-- version 4.7.9
-- https://www.phpmyadmin.net/
--
-- Host: 127.0.0.1:3306
-- Generation Time: Dec 01, 2018 at 06:10 AM
-- Server version: 5.7.21
-- PHP Version: 5.6.35

SET SQL_MODE = "NO_AUTO_VALUE_ON_ZERO";
SET AUTOCOMMIT = 0;
START TRANSACTION;
SET time_zone = "+00:00";


/*!40101 SET @OLD_CHARACTER_SET_CLIENT=@@CHARACTER_SET_CLIENT */;
/*!40101 SET @OLD_CHARACTER_SET_RESULTS=@@CHARACTER_SET_RESULTS */;
/*!40101 SET @OLD_COLLATION_CONNECTION=@@COLLATION_CONNECTION */;
/*!40101 SET NAMES utf8mb4 */;

--
-- Database: `metrial_db`
--

-- --------------------------------------------------------

--
-- Table structure for table `category`
--

DROP TABLE IF EXISTS `category`;
CREATE TABLE IF NOT EXISTS `category` (
  `category_id` int(11) NOT NULL AUTO_INCREMENT,
  `category_desc` varchar(255) DEFAULT NULL,
  `created_at` datetime DEFAULT NULL,
  `updated_at` datetime DEFAULT NULL,
  `status` enum('active','inactive') DEFAULT NULL,
  PRIMARY KEY (`category_id`)
) ENGINE=MyISAM AUTO_INCREMENT=14 DEFAULT CHARSET=latin1;

--
-- Dumping data for table `category`
--

INSERT INTO `category` (`category_id`, `category_desc`, `created_at`, `updated_at`, `status`) VALUES
(1, 'Fabrication Items\r\n', NULL, NULL, 'active'),
(2, 'Boiler Shell ', NULL, NULL, 'active'),
(3, 'Electrical Items\r\n', NULL, NULL, 'active'),
(4, 'Brass Items\r\n', NULL, NULL, 'active'),
(5, 'Electrical Fittings', '0000-00-00 00:00:00', NULL, 'active'),
(9, 'Shell Lagging Items', '2018-07-26 12:41:29', NULL, 'active'),
(10, 'MS Items', '2018-09-19 10:11:49', NULL, 'active'),
(11, 'Ss Items', '2018-09-19 11:19:34', NULL, 'active'),
(12, 'Imported Items', '2018-09-19 11:37:52', NULL, 'active'),
(13, 'Misselaenous Items      ', '2018-09-19 11:38:12', NULL, 'active');

-- --------------------------------------------------------

--
-- Table structure for table `po_detail`
--

DROP TABLE IF EXISTS `po_detail`;
CREATE TABLE IF NOT EXISTS `po_detail` (
  `id` int(11) NOT NULL AUTO_INCREMENT,
  `po_id` int(11) DEFAULT NULL,
  `spare_id` int(11) DEFAULT NULL,
  `price` decimal(12,4) DEFAULT NULL,
  `qty` decimal(15,4) DEFAULT NULL,
  `tax_amount` decimal(15,2) DEFAULT NULL,
  `tax` decimal(10,0) DEFAULT NULL,
  `total` decimal(15,2) DEFAULT NULL,
  PRIMARY KEY (`id`)
) ENGINE=MyISAM AUTO_INCREMENT=94 DEFAULT CHARSET=latin1;

--
-- Dumping data for table `po_detail`
--

INSERT INTO `po_detail` (`id`, `po_id`, `spare_id`, `price`, `qty`, `tax_amount`, `tax`, `total`) VALUES
(1, 1, 2, '1.0000', '10.0000', NULL, NULL, NULL),
(2, 1, 4, '2.0000', '20.0000', NULL, NULL, NULL),
(3, 1, 5, '3.0000', '30.0000', NULL, NULL, NULL),
(4, 2, 7, '1.0000', '10.0000', NULL, NULL, NULL),
(5, 2, 14, '1000.0000', '20.0000', NULL, NULL, NULL),
(6, 2, 14, '1000.0000', '10.0000', NULL, NULL, NULL),
(7, 3, 6, '10.0000', '10.0000', NULL, NULL, NULL),
(8, 3, 8, '20.0000', '20.0000', NULL, NULL, NULL),
(9, 3, 14, '1000.0000', '30.0000', NULL, NULL, NULL),
(10, 3, 0, '0.0000', '0.0000', NULL, NULL, NULL),
(11, 4, 6, '10.0000', '10.0000', NULL, NULL, NULL),
(12, 5, 1, '10.0000', '10.0000', NULL, NULL, NULL),
(13, 5, 1, '15.0000', '10.0000', NULL, NULL, NULL),
(14, 6, 2, '1.0000', '10.0000', NULL, NULL, NULL),
(15, 6, 4, '2.0000', '10.0000', NULL, NULL, NULL),
(16, 6, 5, '3.0000', '10.0000', NULL, NULL, NULL),
(17, 8, 2, '1.0000', '10.0000', NULL, NULL, NULL),
(18, 8, 4, '23.0000', '10.0000', NULL, NULL, NULL),
(19, 8, 5, '10.0000', '10.0000', NULL, NULL, NULL),
(20, 9, 69, '1.3000', '15.0000', NULL, NULL, NULL),
(21, 9, 33, '45.0000', '20.0000', NULL, NULL, NULL),
(22, 9, 18, '34.0000', '14.0000', NULL, NULL, NULL),
(23, 10, 71, '30.0000', '11.0000', NULL, NULL, NULL),
(24, 11, 68, '600.0000', '25.0000', NULL, NULL, NULL),
(25, 12, 7, '15.0000', '10.0000', '15.00', '18', '177.00'),
(26, 12, 7, '10.0000', '15.0000', '10.00', '18', '177.00'),
(27, 13, 22, '1.3000', '5.0000', '1.30', NULL, NULL),
(28, 13, 19, '12.0000', '15.0000', '12.00', NULL, NULL),
(29, 14, 51, '95.0000', '1.0000', '95.00', NULL, NULL),
(30, 14, 53, '95.0000', '5.0000', '95.00', NULL, NULL),
(31, 14, 48, '95.0000', '7.0000', '95.00', NULL, NULL),
(32, 14, 51, '95.0000', '1.0000', '95.00', NULL, NULL),
(33, 15, 46, '25.0000', '1.0000', '25.00', '18', '29.50'),
(34, 15, 58, '6.0000', '1.0000', '6.00', '18', '7.08'),
(35, 16, 50, '84.0000', '1.0000', '84.00', '18', '99.12'),
(36, 16, 50, '84.0000', '6.0000', '84.00', '18', '594.72'),
(37, 17, 45, '26.6000', '10.0000', '26.60', '18', '313.88'),
(38, 17, 45, '26.6000', '5.0000', '26.60', '18', '156.94'),
(39, 18, 2, '500.0000', '5.0000', '500.00', '18', '2950.00'),
(40, 18, 4, '250.0000', '5.0000', '250.00', '18', '1475.00'),
(41, 18, 5, '25.0000', '5.0000', '25.00', '18', '147.50'),
(42, 19, 1, '150.0000', '5.0000', '150.00', '18', '885.00'),
(43, 19, 7, '250.0000', '2.0000', '250.00', '18', '590.00'),
(44, 20, 83, '235.0000', '1.0000', '235.00', '18', '277.30'),
(45, 20, 84, '235.0000', '1.0000', '235.00', '18', '277.30'),
(46, 21, 76, '1500.0000', '1.0000', '1500.00', '18', '1770.00'),
(47, 22, 69, '0.6000', '5.0000', '0.60', '18', '3.54'),
(48, 22, 19, '11.0000', '2.0000', '11.00', '18', '25.96'),
(49, 22, 101, '45.0000', '3.0000', '45.00', '18', '159.30'),
(50, 22, 96, '4.0000', '6.0000', '4.00', '18', '28.32'),
(51, 22, 95, '1.3000', '100.0000', '1.30', '18', '153.40'),
(52, 22, 103, '0.6000', '10.0000', '0.60', '18', '7.08'),
(53, 22, 105, '15.0000', '7.0000', '15.00', '18', '123.90'),
(54, 22, 102, '0.7500', '100.0000', '0.75', '18', '88.50'),
(55, 22, 79, '32.0000', '20.0000', '32.00', '18', '755.20'),
(56, 22, 80, '28.5000', '20.0000', '28.50', '18', '672.60'),
(57, 22, 81, '23.0000', '20.0000', '23.00', '18', '542.80'),
(58, 22, 85, '244.0000', '10.0000', '244.00', '18', '2879.20'),
(59, 22, 86, '260.0000', '5.0000', '260.00', '18', '1534.00'),
(60, 22, 87, '407.0000', '2.0000', '407.00', '18', '960.52'),
(61, 22, 88, '322.0000', '10.0000', '322.00', '18', '3799.60'),
(62, 22, 89, '60.0000', '6.0000', '60.00', '18', '424.80'),
(63, 22, 90, '0.7200', '100.0000', '0.72', '18', '84.96'),
(64, 22, 91, '0.7200', '200.0000', '0.72', '18', '169.92'),
(65, 22, 93, '0.6600', '100.0000', '0.66', '18', '77.88'),
(66, 22, 98, '540.0000', '2.0000', '540.00', '18', '1274.40'),
(67, 22, 104, '0.3000', '50.0000', '0.30', '18', '17.70'),
(68, 23, 22, '1.3000', '5.0000', '1.30', '18', '7.67'),
(69, 23, 19, '12.0000', '15.0000', '12.00', '18', '212.40'),
(70, 23, 22, '1.3000', '40.0000', '1.30', '18', '61.36'),
(71, 24, 27, '2.0000', '17.0000', '2.00', '18', '40.12'),
(72, 24, 27, '2.0000', '17.0000', '2.00', '18', '40.12'),
(73, 24, 109, '7.1700', '8.0000', '7.17', '18', '67.68'),
(74, 24, 27, '2.0000', '17.0000', '2.00', '18', '40.12'),
(75, 25, 45, '26.6000', '10.0000', '26.60', '18', '313.88'),
(76, 25, 45, '26.6000', '5.0000', '26.60', '18', '156.94'),
(77, 25, 45, '26.6000', '5.0000', '26.60', '18', '156.94'),
(78, 26, 51, '95.0000', '1.0000', '95.00', '18', '112.10'),
(79, 26, 48, '95.0000', '7.0000', '95.00', '18', '784.70'),
(80, 26, 51, '95.0000', '1.0000', '95.00', '18', '112.10'),
(81, 26, 51, '95.0000', '1.0000', '95.00', '18', '112.10'),
(82, 26, 48, '95.0000', '12.0000', '95.00', '18', '1345.20'),
(83, 27, 50, '84.0000', '1.0000', '84.00', '18', '99.12'),
(84, 27, 50, '84.0000', '6.0000', '84.00', '18', '594.72'),
(85, 27, 50, '84.0000', '6.0000', '84.00', '18', '594.72'),
(86, 28, 75, '1500.0000', '5.0000', '1500.00', '18', '8850.00'),
(87, 29, 52, '112.0000', '5.0000', '112.00', '18', '660.80'),
(88, 30, 81, '23.0000', '50.0000', '23.00', '18', '1357.00'),
(89, 30, 22, '1.3000', '800.0000', '1.30', '18', '1227.20'),
(90, 30, 19, '12.0000', '250.0000', '12.00', '18', '3540.00'),
(91, 31, 81, '23.0000', '50.0000', '23.00', '18', '1357.00'),
(92, 31, 22, '1.3000', '800.0000', '1.30', '18', '1227.20'),
(93, 31, 19, '12.0000', '250.0000', '12.00', '18', '3540.00');

-- --------------------------------------------------------

--
-- Table structure for table `po_requirment_detail`
--

DROP TABLE IF EXISTS `po_requirment_detail`;
CREATE TABLE IF NOT EXISTS `po_requirment_detail` (
  `id` int(11) NOT NULL AUTO_INCREMENT,
  `po_req_mast_id` int(11) DEFAULT NULL,
  `spare_id` int(11) DEFAULT NULL,
  `qty` decimal(15,4) DEFAULT NULL,
  `status` enum('active','inactive','podone') DEFAULT NULL,
  PRIMARY KEY (`id`)
) ENGINE=MyISAM AUTO_INCREMENT=41 DEFAULT CHARSET=latin1;

--
-- Dumping data for table `po_requirment_detail`
--

INSERT INTO `po_requirment_detail` (`id`, `po_req_mast_id`, `spare_id`, `qty`, `status`) VALUES
(1, 1, 109, '-50.0000', 'active'),
(2, 1, 106, '-50.0000', 'active'),
(3, 1, 94, '-300.0000', 'active'),
(4, 1, 64, '-150.0000', 'active'),
(5, 1, 61, '-100.0000', 'active'),
(6, 1, 60, '-50.0000', 'active'),
(7, 1, 59, '-150.0000', 'active'),
(8, 1, 58, '-200.0000', 'active'),
(9, 1, 55, '-50.0000', 'active'),
(10, 1, 54, '-50.0000', 'active'),
(11, 1, 52, '-50.0000', 'active'),
(12, 1, 49, '-50.0000', 'active'),
(13, 1, 51, '-50.0000', 'active'),
(14, 1, 50, '-100.0000', 'active'),
(15, 1, 48, '-150.0000', 'active'),
(16, 1, 47, '-50.0000', 'active'),
(17, 1, 46, '-50.0000', 'active'),
(18, 1, 45, '-50.0000', 'active'),
(19, 1, 44, '-100.0000', 'active'),
(20, 1, 70, '-200.0000', 'active'),
(21, 1, 42, '-200.0000', 'active'),
(22, 1, 41, '-100.0000', 'active'),
(23, 1, 40, '-300.0000', 'active'),
(24, 1, 115, '-37.5000', 'active'),
(25, 1, 36, '-100.0000', 'active'),
(26, 1, 35, '-50.0000', 'active'),
(27, 1, 34, '-62.5000', 'active'),
(28, 1, 33, '-50.0000', 'active'),
(29, 1, 112, '-50.0000', 'active'),
(30, 1, 81, '-50.0000', 'podone'),
(31, 1, 29, '-250.0000', 'active'),
(32, 1, 28, '-800.0000', 'active'),
(33, 1, 22, '-800.0000', 'podone'),
(34, 1, 92, '-650.0000', 'active'),
(35, 1, 68, '-50.0000', 'active'),
(36, 1, 19, '-250.0000', 'podone'),
(37, 1, 69, '-25.0000', 'active'),
(38, 1, 124, '-20.0000', 'active'),
(39, 1, 80, '-100.0000', 'active'),
(40, 1, 104, '-750.0000', 'active');

-- --------------------------------------------------------

--
-- Table structure for table `po_requirment_master`
--

DROP TABLE IF EXISTS `po_requirment_master`;
CREATE TABLE IF NOT EXISTS `po_requirment_master` (
  `po_req_mast_id` int(11) NOT NULL AUTO_INCREMENT,
  `name` varchar(200) DEFAULT NULL,
  `note` varchar(1024) DEFAULT NULL,
  `cdate` datetime DEFAULT NULL,
  `status` enum('active','inactive') DEFAULT NULL,
  PRIMARY KEY (`po_req_mast_id`)
) ENGINE=MyISAM AUTO_INCREMENT=2 DEFAULT CHARSET=latin1;

--
-- Dumping data for table `po_requirment_master`
--

INSERT INTO `po_requirment_master` (`po_req_mast_id`, `name`, `note`, `cdate`, `status`) VALUES
(1, 'Ravi', '', '2018-11-27 07:42:38', 'active');

-- --------------------------------------------------------

--
-- Table structure for table `products`
--

DROP TABLE IF EXISTS `products`;
CREATE TABLE IF NOT EXISTS `products` (
  `product_id` int(11) NOT NULL AUTO_INCREMENT,
  `product_name` varchar(150) NOT NULL,
  `product_desc` varchar(1024) NOT NULL,
  `status` varchar(15) NOT NULL,
  PRIMARY KEY (`product_id`)
) ENGINE=MyISAM AUTO_INCREMENT=31 DEFAULT CHARSET=latin1;

--
-- Dumping data for table `products`
--

INSERT INTO `products` (`product_id`, `product_name`, `product_desc`, `status`) VALUES
(29, '1+2 AUTOMATIC BOILER', '6 Ltr Auto boiler', 'active'),
(30, '1+2 Automatic Boiler', '7.5 Auto Boiler', 'active'),
(27, '1+1 PORTABLE BOILER', '8 Ltr Boiler', 'active'),
(28, '1+3 PORTABLE BOILER', '9 Ltr', 'active');

-- --------------------------------------------------------

--
-- Table structure for table `product_detail`
--

DROP TABLE IF EXISTS `product_detail`;
CREATE TABLE IF NOT EXISTS `product_detail` (
  `id` int(11) NOT NULL AUTO_INCREMENT,
  `product_id` int(11) NOT NULL,
  `spare_id` int(11) NOT NULL,
  `qty` decimal(15,4) NOT NULL,
  PRIMARY KEY (`id`)
) ENGINE=MyISAM AUTO_INCREMENT=320 DEFAULT CHARSET=latin1;

--
-- Dumping data for table `product_detail`
--

INSERT INTO `product_detail` (`id`, `product_id`, `spare_id`, `qty`) VALUES
(297, 30, 92, '12.0000'),
(292, 29, 94, '10.0000'),
(288, 29, 89, '1.0000'),
(287, 29, 69, '1.0000'),
(296, 30, 76, '1.0000'),
(295, 30, 89, '1.0000'),
(207, 27, 109, '1.0000'),
(206, 27, 106, '1.0000'),
(205, 27, 94, '6.0000'),
(291, 29, 22, '20.0000'),
(290, 29, 92, '12.0000'),
(289, 29, 75, '1.0000'),
(286, 28, 64, '3.0000'),
(285, 28, 73, '1.0000'),
(243, 27, 64, '3.0000'),
(242, 27, 63, '1.0000'),
(241, 27, 62, '1.0000'),
(240, 27, 61, '2.0000'),
(239, 27, 60, '1.0000'),
(238, 27, 59, '3.0000'),
(237, 27, 58, '4.0000'),
(236, 27, 55, '1.0000'),
(235, 27, 54, '1.0000'),
(234, 27, 52, '1.0000'),
(233, 27, 49, '1.0000'),
(232, 27, 51, '1.0000'),
(231, 27, 50, '2.0000'),
(230, 27, 48, '3.0000'),
(229, 27, 47, '1.0000'),
(228, 27, 46, '1.0000'),
(227, 27, 45, '1.0000'),
(226, 27, 44, '2.0000'),
(225, 27, 70, '4.0000'),
(224, 27, 42, '4.0000'),
(223, 27, 41, '2.0000'),
(222, 27, 40, '6.0000'),
(221, 27, 115, '0.7500'),
(220, 27, 36, '2.0000'),
(219, 27, 35, '1.0000'),
(218, 27, 34, '1.2500'),
(217, 27, 33, '1.0000'),
(216, 27, 112, '1.0000'),
(215, 27, 81, '1.0000'),
(214, 27, 29, '5.0000'),
(213, 27, 28, '16.0000'),
(212, 27, 22, '16.0000'),
(210, 27, 27, '4.0000'),
(209, 27, 92, '13.0000'),
(208, 27, 68, '1.0000'),
(204, 27, 19, '5.0000'),
(203, 27, 69, '0.5000'),
(202, 27, 124, '0.4000'),
(201, 27, 80, '2.0000'),
(199, 27, 104, '15.0000'),
(284, 28, 62, '1.0000'),
(283, 28, 61, '2.0000'),
(282, 28, 60, '1.0000'),
(281, 28, 59, '3.0000'),
(280, 28, 58, '4.0000'),
(279, 28, 57, '1.0000'),
(278, 28, 56, '1.0000'),
(277, 28, 55, '1.0000'),
(276, 28, 54, '1.0000'),
(275, 28, 52, '1.0000'),
(274, 28, 51, '1.0000'),
(273, 28, 50, '2.0000'),
(272, 28, 49, '1.0000'),
(271, 28, 48, '2.0000'),
(270, 28, 47, '1.0000'),
(269, 28, 46, '1.0000'),
(268, 28, 45, '1.0000'),
(267, 28, 44, '2.0000'),
(266, 28, 70, '4.0000'),
(265, 28, 42, '4.0000'),
(264, 28, 41, '2.0000'),
(263, 28, 40, '6.0000'),
(262, 28, 116, '3.0000'),
(261, 28, 115, '1.0000'),
(260, 28, 114, '1.0000'),
(259, 28, 36, '2.0000'),
(258, 28, 35, '1.0000'),
(257, 28, 33, '1.0000'),
(256, 28, 104, '5.0000'),
(255, 28, 29, '15.0000'),
(254, 28, 28, '9.0000'),
(253, 28, 27, '4.0000'),
(252, 28, 109, '4.0000'),
(251, 28, 72, '1.0000'),
(250, 28, 94, '7.0000'),
(249, 28, 22, '9.0000'),
(248, 28, 92, '13.0000'),
(247, 28, 68, '1.0000'),
(246, 28, 18, '3.0000'),
(245, 28, 19, '7.0000'),
(244, 28, 69, '1.0000'),
(294, 30, 69, '1.0000'),
(298, 30, 22, '20.0000'),
(299, 30, 94, '10.0000'),
(300, 30, 122, '1.0000'),
(301, 30, 109, '1.0000'),
(302, 30, 27, '1.0000'),
(303, 30, 86, '1.0000'),
(304, 30, 29, '30.0000'),
(305, 30, 104, '25.0000'),
(306, 30, 34, '4.0000'),
(307, 30, 115, '2.0000'),
(308, 30, 117, '4.0000'),
(309, 30, 111, '2.0000'),
(310, 30, 110, '1.0000'),
(311, 30, 28, '20.0000'),
(312, 30, 40, '5.0000'),
(313, 30, 41, '2.0000'),
(314, 30, 70, '4.0000'),
(315, 30, 44, '2.0000'),
(316, 30, 42, '4.0000'),
(317, 30, 51, '1.0000'),
(318, 30, 55, '3.0000'),
(319, 30, 57, '1.0000');

-- --------------------------------------------------------

--
-- Table structure for table `purchase_order`
--

DROP TABLE IF EXISTS `purchase_order`;
CREATE TABLE IF NOT EXISTS `purchase_order` (
  `po_id` int(11) NOT NULL AUTO_INCREMENT,
  `sup_id` int(11) DEFAULT NULL,
  `sup_name` varchar(100) DEFAULT NULL,
  `note` varchar(1024) DEFAULT NULL,
  `terms_of_delivery` text,
  `destination` varchar(255) DEFAULT NULL,
  `despatch` varchar(100) DEFAULT NULL,
  `other_reference` varchar(100) DEFAULT NULL,
  `terms_of_payment` varchar(100) DEFAULT NULL,
  `supplier_ref_no` varchar(100) DEFAULT NULL,
  `tax_type` varchar(20) DEFAULT NULL,
  `c_date` datetime DEFAULT NULL,
  `status` enum('active','inactive','received') DEFAULT NULL,
  PRIMARY KEY (`po_id`)
) ENGINE=MyISAM AUTO_INCREMENT=32 DEFAULT CHARSET=latin1;

--
-- Dumping data for table `purchase_order`
--

INSERT INTO `purchase_order` (`po_id`, `sup_id`, `sup_name`, `note`, `terms_of_delivery`, `destination`, `despatch`, `other_reference`, `terms_of_payment`, `supplier_ref_no`, `tax_type`, `c_date`, `status`) VALUES
(1, 2, 'Orange', '', NULL, NULL, NULL, NULL, NULL, NULL, NULL, '2018-09-03 12:22:41', 'inactive'),
(2, 3, 'B2B Orange', 'B2B ORange Second Oreder', NULL, NULL, NULL, NULL, NULL, NULL, NULL, '2018-09-03 12:24:35', 'received'),
(3, 4, 'The Brand', '', NULL, NULL, NULL, NULL, NULL, NULL, NULL, '2018-09-03 12:25:56', 'received'),
(4, 4, 'The Brand', '', NULL, NULL, NULL, NULL, NULL, NULL, NULL, '2018-09-03 12:27:45', 'received'),
(5, 1, 'Attract', 'First Attract order with Status', NULL, NULL, NULL, NULL, NULL, NULL, NULL, '2018-09-03 12:31:21', 'inactive'),
(6, 2, 'Orange', 'Orane', NULL, NULL, NULL, NULL, NULL, NULL, NULL, '2018-09-03 18:59:26', 'inactive'),
(8, 2, 'Orange', 'Test Orange', NULL, NULL, NULL, NULL, NULL, NULL, NULL, '2018-09-03 19:00:18', 'inactive'),
(9, 19, 'N.R.& Company', '', NULL, NULL, NULL, NULL, NULL, NULL, NULL, '2018-09-20 11:59:49', 'inactive'),
(10, 19, 'N.R.& Company', '', NULL, NULL, NULL, NULL, NULL, NULL, NULL, '2018-09-20 12:35:54', 'inactive'),
(11, 17, 'Anand Products', '', NULL, NULL, NULL, NULL, NULL, NULL, NULL, '2018-09-20 15:35:09', 'inactive'),
(12, 3, 'B2B Orange', 'Orange oder', NULL, NULL, NULL, NULL, NULL, NULL, NULL, '2018-09-26 17:56:31', 'inactive'),
(13, 10, 'Shruthi Power Control', '', NULL, NULL, NULL, NULL, NULL, NULL, NULL, '2018-09-26 19:24:33', 'inactive'),
(14, 13, 'Noor Traders', '', NULL, NULL, NULL, NULL, NULL, NULL, NULL, '2018-09-26 19:50:05', 'inactive'),
(15, 8, 'Lakshmi Venkateshwara Polymer', '6', '7', '5', '4', '3', '2', '1', NULL, '2018-10-01 14:05:02', 'inactive'),
(16, 29, 'Om Enterprises', '6', NULL, NULL, NULL, NULL, NULL, NULL, NULL, '2018-10-01 14:07:13', 'inactive'),
(17, 26, 'Hi -Tech Industrial Stores', '6', '7', '5', '4', '3', '2', '1', NULL, '2018-10-01 14:08:36', 'inactive'),
(18, 2, 'Orange', '', '', 'BANGALORE', 'LORRY', 'NO', 'ROAD', 'SU4S234122', 'c', '2018-10-10 15:42:50', 'inactive'),
(19, 3, 'B2B Orange', '', '', 'BANGALORE', 'LORRY', '-', 'IMMEDIATE', 'P972720', 'i', '2018-10-10 15:44:44', 'inactive'),
(20, 34, 'Shri Radhey Trading', '', '4-5 Days', 'New Delhi', 'By Transport', '', '30', '23', 'i', '2018-10-16 17:13:40', 'received'),
(21, 17, 'Anand Products', '', '', '', '', '', '', '', 'c', '2018-10-16 17:23:32', 'received'),
(22, 19, 'N.R.& Company', '', '', '', '', '', '', '', 'c', '2018-10-16 17:47:21', 'received'),
(23, 10, 'Shruthi Power Control', '', '', '', '', '', '', '', 'c', '2018-10-29 10:44:27', 'received'),
(24, 24, 'Balaji Electronics', '', '', '', '', '', '', '', 'c', '2018-10-29 10:44:41', 'received'),
(25, 26, 'Hi -Tech Industrial Stores', '', '', '', '', '', '', '', 'c', '2018-10-29 10:44:50', 'received'),
(26, 13, 'Noor Traders', '', '', '', '', '', '', '', 'c', '2018-10-29 10:45:00', 'received'),
(27, 29, 'Om Enterprises', '', '', '', '', '', '', '', 'c', '2018-10-29 10:45:07', 'received'),
(28, 17, 'Anand Products', '', '', '', '', '', '', '', 'c', '2018-11-19 18:23:45', 'received'),
(29, 30, 'Arihant Hardware', '', '', '', '', '', '', '', 'c', '2018-11-27 12:10:54', 'active'),
(30, 10, 'Shruthi Power Control', '', '', '', '', '', '', '', 'c', '2018-11-27 12:16:30', 'active'),
(31, 10, 'Shruthi Power Control', '', '', '', '', '', '', '', 'c', '2018-11-27 07:43:11', 'active');

-- --------------------------------------------------------

--
-- Table structure for table `spares`
--

DROP TABLE IF EXISTS `spares`;
CREATE TABLE IF NOT EXISTS `spares` (
  `spare_id` int(11) NOT NULL AUTO_INCREMENT,
  `spare_part_no` varchar(50) DEFAULT NULL,
  `spare_hsn` varchar(255) DEFAULT NULL,
  `spare_name` varchar(512) DEFAULT NULL,
  `spare_size` varchar(255) DEFAULT NULL,
  `spare_desc` varchar(1024) DEFAULT NULL,
  `supplier_id` varchar(150) DEFAULT NULL,
  `category_id` int(11) DEFAULT NULL,
  `spare_price` decimal(16,2) DEFAULT NULL,
  `spare_uom` varchar(20) DEFAULT NULL,
  `spare_tax` varchar(255) DEFAULT NULL,
  `spare_reorder_level` varchar(255) DEFAULT NULL,
  `spare_quantity` int(11) DEFAULT NULL,
  `created_at` datetime DEFAULT NULL,
  `updated_at` datetime DEFAULT NULL,
  `status` enum('active','inactive') DEFAULT NULL,
  PRIMARY KEY (`spare_id`)
) ENGINE=MyISAM AUTO_INCREMENT=125 DEFAULT CHARSET=latin1;

--
-- Dumping data for table `spares`
--

INSERT INTO `spares` (`spare_id`, `spare_part_no`, `spare_hsn`, `spare_name`, `spare_size`, `spare_desc`, `supplier_id`, `category_id`, `spare_price`, `spare_uom`, `spare_tax`, `spare_reorder_level`, `spare_quantity`, `created_at`, `updated_at`, `status`) VALUES
(123, 'SGMPL0074', NULL, 'Spiral Sleeve 1/4\"', '', '', '10,19', 3, '3.20', 'Mtr', '18', '00', 0, '2018-11-22 16:33:53', NULL, 'active'),
(124, 'SGMPL0102', '', 'White connector 4 Pin', '', '', '19', 3, '6.50', 'No', '18', '50', 0, '2018-11-23 11:12:33', '2018-11-23 11:12:53', 'active'),
(69, 'SGMPL0060', '', 'Black Sleev', '', '', '19', 3, '1.30', 'Kg', '18', '30', 0, '2018-09-20 10:56:15', '2018-11-22 16:47:50', 'active'),
(19, 'SGMPL0061', '', 'Connector well connector 6A', '', '', '10,19', 3, '12.00', 'No', '18', '50', 0, '2018-09-14 09:52:34', '2018-11-22 16:47:31', 'active'),
(18, 'SGMPL0062', '', 'Glass Fuse CSFL 4U', '', '', '19', 3, '34.00', 'No', '18', '20', 0, '2018-09-14 09:50:08', '2018-11-22 16:52:32', 'active'),
(68, 'SGMPL0001', '', 'Electrical Heater 2Kw ', '', '', '17', 3, '600.00', 'No', '18', '5', 0, '2018-09-20 10:53:35', '2018-11-22 16:52:57', 'active'),
(22, 'SGMPL0023', '', 'Lugs 2.5 sq mm Push', '', '', '10,19', 3, '1.30', 'Kg', '18', '100', 0, '2018-09-14 11:39:21', '2018-11-22 16:43:12', 'active'),
(27, 'SGMPL0065', '', 'Lugs for PCB', '', '', '24', 3, '2.00', 'No', '18', '5', 1000, '2018-09-14 12:06:04', '2018-11-23 14:41:21', 'active'),
(28, 'SGMPL0066', '', 'Silicon Bush', '', '', '19', 3, '0.75', 'No', '18', '200', 0, '2018-09-14 12:09:03', '2018-11-22 16:53:43', 'active'),
(29, 'SGMPL0033', '', 'Tie Big', '', '', '19', 3, '0.60', 'No', '18', '200', 0, '2018-09-14 12:12:28', '2018-11-22 16:54:02', 'active'),
(33, 'SGMPL0067', '', 'Mcb Channal', '', '', '19', 3, '45.00', 'No', '18', '5', 0, '2018-09-14 13:06:42', '2018-11-22 16:56:23', 'active'),
(34, 'SGMPL0059', '', 'Wire 2 Core 1.5 Sq mm', '', '', '9', 3, '21.11', 'Mtr', '18', '30', 0, '2018-09-14 13:11:19', '2018-11-22 16:57:01', 'active'),
(35, 'SGMPL0058', '', 'Wire 2 Core 2.5 Sq mm', '', '', '9', 3, '35.00', 'Mtr', '18', '30', 0, '2018-09-14 13:16:39', '2018-11-22 16:57:15', 'active'),
(36, 'SGMPL0057', '', 'Wire 2 Core 1 Sq mm', '', '', '9', 3, '14.72', 'Mtr', '18', '30', 0, '2018-09-14 14:00:22', '2018-11-22 16:57:25', 'active'),
(40, 'SGMPL0070', '', 'Brass Check Nut 1/4\"', '', '', '26', 4, '3.15', 'No', '18', '50', 0, '2018-09-14 14:32:37', '2018-11-22 16:59:18', 'active'),
(41, 'SGMPL0071', '', 'Brass Elbow 1/4\" x 3/8\"', '', '', '26', 4, '35.00', 'No', '18', '30', 0, '2018-09-14 17:04:11', '2018-11-23 09:47:10', 'active'),
(42, 'SGMPL0072', '', 'Brass Ferrule 6mm', '', '', '26', 4, '1.09', 'No', '18', '50', 0, '2018-09-14 17:06:31', '2018-11-23 09:47:24', 'active'),
(70, 'SGMPL0075', '', 'Brass Olive Nut 1/4\"', '', '', '13', 4, '5.43', 'Kg', '18', '50', 0, '2018-09-20 11:02:05', '2018-11-23 09:55:40', 'active'),
(44, 'SGMPL0073', '', 'Brass Olive Nut 3/8\"', '', '', '26', 4, '13.13', 'No', '18', '20', 0, '2018-09-14 17:11:13', '2018-11-23 09:47:38', 'active'),
(45, 'SGMPL0074', '', 'Brass Male Tee 1/4\"', '', '', '26', 4, '26.60', 'No', '18', '2', 0, '2018-09-19 10:04:39', '2018-11-23 09:47:50', 'active'),
(46, 'SGMPL0076', '', 'Cap Safety Silicon Cover', '', '', '8', 4, '25.00', 'No', '18', '5', 0, '2018-09-19 10:08:22', '2018-11-23 09:48:06', 'active'),
(47, 'SGMPL0077', '', 'Portable Aerial Spring', '', '', '27', 10, '80.00', 'No', '18', '10', 0, '2018-09-19 10:19:08', '2018-11-23 09:49:08', 'active'),
(48, 'SGMPL0078', '', 'MS BOLT 6 X 15', '', '', '13', 10, '95.00', 'Kg', '18', '1', 0, '2018-09-19 10:21:39', '2018-11-23 09:49:22', 'active'),
(49, 'SGMPL0099', '', 'M.S Bend 1/4\"', '', '', '28', 10, '18.00', 'No', '18', '2', 0, '2018-09-19 10:42:00', '2018-11-23 10:59:58', 'active'),
(50, 'SGMPL0079', '', 'MS NUT 6MM', '', '', '29', 10, '84.00', 'Kg', '18', '3', 0, '2018-09-19 10:57:04', '2018-11-23 09:49:32', 'active'),
(51, 'SGMPL0080', '', 'Ms Washer 10mm', '', '', '13', 10, '95.00', 'No', '18', '2', 0, '2018-09-19 11:14:37', '2018-11-23 09:49:49', 'active'),
(52, 'SGMPL0082', '', 'Ball Valve 1/4\"', '', '', '30', 11, '112.00', 'No', '18', '4', 0, '2018-09-19 11:24:06', '2018-11-23 09:50:03', 'active'),
(122, 'SGMPL0101', '', 'PCB 1+2 Soft touch', '', '', '23', 3, '2000.00', 'No', '18', '6', 0, '2018-10-29 12:02:46', '2018-11-23 10:01:04', 'active'),
(54, 'SGMPL0081', '', 'SS Washer 1/4\"', '', '', '31', 11, '7.00', 'No', '18', '20', 0, '2018-09-19 11:31:45', '2018-11-23 09:50:15', 'active'),
(55, 'SGMPL0083', '', 'Probe', '', '', '32', 11, '150.00', 'No', '18', '30', 0, '2018-09-19 11:36:59', '2018-11-23 09:50:30', 'active'),
(56, 'SGMPL0084', '', 'Cap Safety Valve 3/4\"', '', '', '33', 12, '200.00', 'No', '18', '20', 0, '2018-09-19 11:44:30', '2018-11-23 09:50:43', 'active'),
(57, 'SGMPL0085', '', 'Pressure Switch 2-6 Bar', '', '', '34', 12, '235.00', 'No', '18', '10', 0, '2018-09-19 11:58:11', '2018-11-23 09:52:04', 'active'),
(58, 'SGMPL0090', '', 'Bottom Bush Small', '', '', '8', 13, '6.00', 'No', '18', '20', 0, '2018-09-19 12:21:56', '2018-11-23 09:52:15', 'active'),
(59, 'SGMPL0091', '', 'Grommet 3/4\"', '', '', '8', 13, '1.25', 'No', '18', '20', 0, '2018-09-19 12:27:59', '2018-11-23 09:52:26', 'active'),
(60, 'SGMPL0093', '', 'Gauge Glass Tube Small', '', '', '35', 13, '30.00', 'No', '18', '20', 0, '2018-09-19 12:33:22', '2018-11-23 09:52:36', 'active'),
(61, 'SGMPL0094', '', 'Gauge Glass Bush Small 8mm', '', '', '8', 13, '3.50', 'No', '18', '15', 0, '2018-09-19 12:35:05', '2018-11-23 09:52:50', 'active'),
(62, 'SGMPL0086', '', 'Pressure Guage 0-7 Bar', '', '', '36', 13, '140.00', 'No', '18', '20', 75, '2018-09-19 12:47:56', '2018-11-23 14:59:34', 'active'),
(63, 'SGMPL0097', '', 'Sticker for 8 Ltr', '', '', '37', 13, '46.00', 'No', '18', '40', 100, '2018-09-19 13:01:17', '2018-11-23 14:58:52', 'active'),
(64, 'SGMPL0100', '', 'Teflon Tape', '', '', '26', 13, '12.00', 'No', '18', '50', 0, '2018-09-19 13:44:07', '2018-11-23 09:53:56', 'active'),
(65, '500049', '', 'Cartoon Box 1+1 Portable Boiler', '', '', '38', 13, '85.00', 'No', '18', '15', 0, '2018-09-19 13:49:51', '2018-11-23 09:54:09', 'active'),
(66, 'SGMPL0095', '', 'Aluminiuam Glass Wool', '', '', '30', 2, '6120.00', 'Mtr', '18', '20', 0, '2018-09-20 10:21:43', '2018-11-23 09:54:20', 'active'),
(67, '500051', '', 'Aluminium Gum Tape', '', '', '22', 2, '95.00', 'No', '18', '5', 0, '2018-09-20 10:27:42', '2018-11-23 09:55:29', 'active'),
(72, '500053', '', 'PCB 1+3 Soft Touch', '', '', '23', 3, '1000.00', 'No', '18', '5', 0, '2018-09-20 13:51:38', '2018-11-23 09:55:56', 'active'),
(73, 'SGMPL0098', '', 'Sticker 1+3', '', '', '37', 13, '46.00', 'Kg', '18', '50', 0, '2018-09-20 14:23:53', '2018-11-23 09:57:03', 'active'),
(75, 'SGMPL0003', '8516', 'Electrical Heater 6kw-230V 1 1/2\"', '6kw-230V 1 1/2\"', '', '17', 3, '1500.00', 'No', '18', '2', 5, '2018-10-16 09:51:00', '2018-11-23 09:57:15', 'active'),
(76, 'SGMPL0004', '8516', 'Electrical Heater 7.5kw 1 1/2\"', '7.5kw 1 1/2\"', '', '17', 3, '1500.00', 'No', '18', '2', 0, '2018-10-16 09:53:06', '2018-11-23 09:57:24', 'active'),
(77, 'SGMPL0005', '8516', 'Electrical Heater 9kw', '9kw', '', '17', 3, '1500.00', 'No', '18', '2', 0, '2018-10-16 09:55:11', '2018-11-23 09:57:38', 'active'),
(78, 'SGMPL0006', '8516', 'Electrical Heater 12kw', '12kw', '', '17', 3, '2000.00', 'No', '18', '2', 0, '2018-10-16 09:57:01', '2018-11-23 09:57:51', 'active'),
(79, 'SGMPL0007', '8536', 'Rocker Switch Big', '', '', '10,19', 3, '32.00', 'No', '18', '20', 0, '2018-10-16 09:59:57', '2018-11-22 16:55:02', 'active'),
(80, 'SGMPL0008', '8536', 'Rocker Switch Small', '', '', '10,19', 3, '28.50', 'No', '18', '20', 0, '2018-10-16 10:02:11', '2018-11-22 16:55:21', 'active'),
(81, 'SGMPL0009', '8536', 'Rocker Switch Indicator', '', '', '10,19', 3, '23.00', 'No', '18', '5', 0, '2018-10-16 10:03:36', '2018-11-22 16:55:34', 'active'),
(84, 'SGMPL0012', '9032', 'Pressure Switch 4 - 9 Bar', '4 - 9 Bar', '', '33,34', 12, '235.00', 'No', '18', '10', 0, '2018-10-16 10:18:14', '2018-11-23 09:56:47', 'active'),
(85, 'SGMPL0013', '8536', 'PEDAL SWITH KAYCEE', '', '', '19', 3, '244.00', 'No', '18', '5', 0, '2018-10-16 10:28:11', '2018-11-23 09:58:11', 'active'),
(86, 'SGMPL0014', '8536', 'Salzer Switch 16A', '16A', '', '19', 3, '260.00', 'No', '18', '2', 0, '2018-10-16 10:32:27', '2018-11-23 09:58:30', 'active'),
(87, 'SGMPL0015', '8536', 'Salzer Switch 32A', '32A', '', '19', 3, '407.00', 'No', '18', '2', 0, '2018-10-16 10:34:04', '2018-11-23 09:58:45', 'active'),
(88, 'SGMPL0016', '8536', 'Contactor 9A', '', '', '10,19', 3, '322.00', 'No', '18', '20', 0, '2018-10-16 10:44:25', '2018-11-23 09:59:06', 'active'),
(89, 'SGMPL0017', '', 'Black Connector 12 Way', '', '', '10,19', 3, '60.00', 'No', '18', '6', 0, '2018-10-16 11:04:19', '2018-11-22 16:48:06', 'active'),
(90, 'SGMPL0018', '8536', 'Lugs 1.5sqmm Round', '1.5 Sqmm', '', '19', 3, '0.72', 'No', '18', '100', 0, '2018-10-16 11:11:09', '2018-11-22 16:44:02', 'active'),
(91, 'SGMPL0019', '8535', 'Lugs 1.5sqmm Push', '1.5 Sqmm', '', '19', 3, '0.72', 'No', '18', '100', 0, '2018-10-16 11:14:01', '2018-11-22 16:44:22', 'active'),
(92, 'SGMPL0020', '8536', 'Lugs 2.5sq mm Pin', '2.5 Sq mm', '', '19', 3, '0.72', 'No', '18', '200', 0, '2018-10-16 11:17:46', '2018-11-22 16:44:50', 'active'),
(93, 'SGMPL0021', '8536', 'Lugs 2.5sq mm Open', '2.5sq mm', '', '19', 3, '0.66', 'No', '18', '200', 0, '2018-10-16 11:19:55', '2018-11-22 16:45:06', 'active'),
(94, 'SGMPL0022', '8536', 'Lugs 2.5 Sq mm Round', '2.5 Sq mm', '', '19', 3, '0.66', 'No', '18', '200', 0, '2018-10-16 11:21:00', '2018-11-22 16:45:20', 'active'),
(98, 'SGMPL0026', '8536', 'Contactor 16A', '16A', '', '10,19', 3, '540.00', 'No', '18', '2', 0, '2018-10-16 11:30:23', '2018-11-23 09:59:18', 'active'),
(99, 'SGMPL0027', '8536', 'Fuse Base 10 x 38', '10 x 38', '', '19', 3, '64.00', 'No', '18', '10', 0, '2018-10-16 11:32:19', '2018-11-23 09:59:39', 'active'),
(100, 'SGMPL0028', '8536', 'Fuse 20A (10 x 38)', '', '', '19', 3, '18.00', 'No', '18', '10', 0, '2018-10-16 11:33:25', '2018-11-23 09:59:51', 'active'),
(104, 'SGMPL0032', '3923', 'Tie Small', '', '', '19', 3, '0.30', 'No', '18', '100', 0, '2018-10-16 12:04:44', '2018-11-23 11:19:55', 'active'),
(106, 'SGMPL0036', '8536', 'PCB 1+1 Reg With LED', '', '', '23', 3, '550.00', 'No', '18', '5', 0, '2018-10-16 12:33:50', '2018-11-22 16:40:58', 'active'),
(108, 'SGMPL0039', '8536', 'PCB 1+1 Soft Touch', '', '', '23', 3, '860.00', 'No', '18', '3', 0, '2018-10-16 12:42:14', '2018-11-23 10:00:06', 'active'),
(109, 'SGMPL0040', '8536', 'PCB Connector with lugs', '', '', '24', 3, '4.00', 'No', '18', '5', 0, '2018-10-16 12:49:08', '2018-11-23 13:59:21', 'active'),
(110, 'SGMPL0041', '8414', 'Pump Capacitor', '', '', '24', 3, '47.00', 'No', '18', '6', 0, '2018-10-16 12:55:54', '2018-11-23 10:00:21', 'active'),
(111, 'SGMPL0042', '8414', 'Solenoid Valve Capacitor', '', '', '24', 3, '11.46', 'No', '18', '6', 0, '2018-10-16 13:00:11', '2018-11-23 10:00:33', 'active'),
(112, 'SGMPL0043', '8546', 'Hylam Sheet 8 Ltrs', '', '', '25', 3, '11.16', 'No', '18', '20', 0, '2018-10-16 13:04:21', '2018-11-22 16:55:55', 'active'),
(113, 'SGMPL0044', '8546', 'Hylam Sheet 6kw', '', '', '25', 3, '11.16', 'No', '18', '15', 0, '2018-10-16 13:06:40', '2018-11-23 10:00:43', 'active'),
(114, 'SGMPL0046', '8544', 'Wire 3 Core 1.5sqmm', '3 Core 1.5sqmm', '', '9', 3, '31.67', 'Mtr', '18', '30', 0, '2018-10-16 14:22:21', '2018-11-22 16:57:43', 'active'),
(115, 'SGMPL0047', '8544', 'Wire 4 Core 1.5sq mm', '4 Core 1.5sq mm', '', '9', 3, '42.00', 'Mtr', '18', '30', 0, '2018-10-16 14:25:25', '2018-11-22 16:57:57', 'active'),
(116, 'SGMPL0051', '8544', 'Wire 5 Core 1.5sqmm', '5 Core 1.5sqmm', '', '9', 3, '50.00', 'Mtr', '18', '30', 0, '2018-10-16 15:19:39', '2018-11-22 16:58:10', 'active'),
(117, 'SGMPL0052', '8544', 'Wire 5 Core 2.5sqmm', '5 Core 2.5sqmm', '', '9', 3, '79.44', 'Mtr', '18', '30', 0, '2018-10-16 15:26:06', '2018-11-22 16:58:26', 'active'),
(118, 'SGMPL0053', '8544', 'Wire 1 Sq mm Multicore Black', '1 Sq mm ', '', '9', 3, '7.00', 'Mtr', '18', '60', 0, '2018-10-16 15:31:35', '2018-11-22 16:48:57', 'active'),
(119, 'SGMPL0054', '8544', 'Wire Multicore 1.5Sq mm RYB-B', '1.5Sq mm RYB-B', '', '9', 3, '8.67', 'Mtr', '18', '60', 0, '2018-10-16 15:34:07', '2018-11-22 16:58:40', 'active'),
(120, 'SGMPL0055', '8544', 'Wire Multicore 2.5Sq mm', '2.5Sq mm', '', '9', 3, '16.00', 'Mtr', '18', '30', 0, '2018-10-16 15:45:19', '2018-11-22 16:58:54', 'active'),
(121, 'SGMPL0056', '8544', 'Wire 1Sq mm Multicore Red', '1Sq mm', '', '9', 3, '7.00', 'Mtr', '18', '30', 0, '2018-10-16 15:50:02', '2018-11-23 10:00:54', 'active');

-- --------------------------------------------------------

--
-- Table structure for table `spare_transaction`
--

DROP TABLE IF EXISTS `spare_transaction`;
CREATE TABLE IF NOT EXISTS `spare_transaction` (
  `id` int(11) NOT NULL AUTO_INCREMENT,
  `po_id` int(11) DEFAULT NULL,
  `trans_id` int(11) DEFAULT NULL,
  `spare_id` int(11) DEFAULT NULL,
  `qty` decimal(15,4) DEFAULT NULL,
  `trans_date` datetime DEFAULT NULL,
  PRIMARY KEY (`id`)
) ENGINE=MyISAM AUTO_INCREMENT=279 DEFAULT CHARSET=latin1;

--
-- Dumping data for table `spare_transaction`
--

INSERT INTO `spare_transaction` (`id`, `po_id`, `trans_id`, `spare_id`, `qty`, `trans_date`) VALUES
(1, 1, NULL, 2, '10.0000', '2018-09-04 13:17:15'),
(2, 1, NULL, 4, '20.0000', '2018-09-04 13:17:15'),
(3, 1, NULL, 5, '30.0000', '2018-09-04 13:17:15'),
(4, 2, NULL, 7, '10.0000', '2018-09-04 13:24:25'),
(5, 2, NULL, 14, '20.0000', '2018-09-04 13:24:25'),
(6, 2, NULL, 14, '10.0000', '2018-09-04 13:24:25'),
(7, 3, NULL, 6, '10.0000', '2018-09-04 13:28:42'),
(8, 3, NULL, 8, '20.0000', '2018-09-04 13:28:42'),
(9, 3, NULL, 14, '30.0000', '2018-09-04 13:28:42'),
(10, 4, NULL, 6, '90.0000', '2018-09-04 13:40:59'),
(11, NULL, 32, 5, '-50.0000', '2018-09-05 15:06:18'),
(12, NULL, 32, 6, '-10.0000', '2018-09-05 15:06:18'),
(13, NULL, 32, 7, '-10.0000', '2018-09-05 15:06:18'),
(14, NULL, 33, 5, '-50.0000', '2018-09-05 15:09:07'),
(15, NULL, 33, 6, '-10.0000', '2018-09-05 15:09:07'),
(16, NULL, 33, 7, '-10.0000', '2018-09-05 15:09:07'),
(17, NULL, 34, 5, '-5.0000', '2018-09-05 15:10:10'),
(18, NULL, 34, 6, '-1.0000', '2018-09-05 15:10:10'),
(19, NULL, 34, 7, '-1.0000', '2018-09-05 15:10:10'),
(20, NULL, 35, 5, '-60.0000', '2018-09-05 15:10:53'),
(21, NULL, 35, 6, '-20.0000', '2018-09-05 15:10:53'),
(22, NULL, 36, 5, '-65.0000', '2018-09-06 11:49:06'),
(23, NULL, 36, 6, '-15.0000', '2018-09-06 11:49:06'),
(24, NULL, 36, 7, '-10.0000', '2018-09-06 11:49:06'),
(25, NULL, 37, 5, '-50.0000', '2018-09-06 11:58:06'),
(26, NULL, 37, 6, '-10.0000', '2018-09-06 11:58:06'),
(27, NULL, 37, 7, '-10.0000', '2018-09-06 11:58:06'),
(28, NULL, 38, 5, '-30.0000', '2018-09-06 12:00:23'),
(29, NULL, 38, 6, '-10.0000', '2018-09-06 12:00:23'),
(30, NULL, 39, 5, '-5.0000', '2018-09-06 12:01:37'),
(31, NULL, 39, 6, '-1.0000', '2018-09-06 12:01:37'),
(32, NULL, 39, 7, '-1.0000', '2018-09-06 12:01:37'),
(33, NULL, 40, 5, '-50.0000', '2018-09-06 12:13:13'),
(34, NULL, 40, 6, '-10.0000', '2018-09-06 12:13:13'),
(35, NULL, 40, 7, '-10.0000', '2018-09-06 12:13:13'),
(36, NULL, 41, 5, '-8.0000', '2018-09-06 13:23:14'),
(37, NULL, 41, 6, '-17.0000', '2018-09-06 13:23:14'),
(38, NULL, 41, 7, '-1.0000', '2018-09-06 13:23:14'),
(39, NULL, 41, 8, '-20.0000', '2018-09-06 13:23:14'),
(40, NULL, 41, 9, '-4.0000', '2018-09-06 13:23:14'),
(41, NULL, 41, 3, '-20.0000', '2018-09-06 13:23:14'),
(42, NULL, 41, 2, '-10.0000', '2018-09-06 13:23:14'),
(43, NULL, NULL, 5, '-30.0000', NULL),
(44, NULL, NULL, 6, '-10.0000', NULL),
(45, NULL, 40, 5, '50.0000', '2018-09-07 12:22:56'),
(46, NULL, 40, 6, '10.0000', '2018-09-07 12:22:56'),
(47, NULL, 40, 7, '10.0000', '2018-09-07 12:22:56'),
(48, NULL, 42, 5, '-3.0000', '2018-09-07 12:35:16'),
(49, NULL, 42, 6, '-1.0000', '2018-09-07 12:35:16'),
(50, NULL, 43, 3, '-100.0000', '2018-09-20 12:22:36'),
(51, NULL, 43, 6, '-75.0000', '2018-09-20 12:22:36'),
(52, NULL, 43, 2, '-50.0000', '2018-09-20 12:22:36'),
(53, NULL, 43, 3, '100.0000', '2018-09-20 12:22:53'),
(54, NULL, 43, 6, '75.0000', '2018-09-20 12:22:53'),
(55, NULL, 43, 2, '50.0000', '2018-09-20 12:22:53'),
(56, NULL, 44, 67, '-2.0000', '2018-09-20 15:27:16'),
(57, NULL, 44, 66, '-2.0000', '2018-09-20 15:27:16'),
(58, NULL, 44, 6, '-2.0000', '2018-09-20 15:27:16'),
(59, NULL, 44, 69, '-3.0000', '2018-09-20 15:27:16'),
(60, NULL, 44, 19, '-17.0000', '2018-09-20 15:27:16'),
(61, NULL, 44, 18, '-7.0000', '2018-09-20 15:27:16'),
(62, NULL, 44, 68, '-3.0000', '2018-09-20 15:27:16'),
(63, NULL, 44, 21, '-39.0000', '2018-09-20 15:27:16'),
(64, NULL, 44, 22, '-41.0000', '2018-09-20 15:27:16'),
(65, NULL, 44, 23, '-19.0000', '2018-09-20 15:27:16'),
(66, NULL, 44, 25, '-2.0000', '2018-09-20 15:27:16'),
(67, NULL, 44, 26, '-12.0000', '2018-09-20 15:27:16'),
(68, NULL, 44, 27, '-12.0000', '2018-09-20 15:27:16'),
(69, NULL, 44, 28, '-41.0000', '2018-09-20 15:27:16'),
(70, NULL, 44, 29, '-25.0000', '2018-09-20 15:27:16'),
(71, NULL, 44, 30, '-35.0000', '2018-09-20 15:27:16'),
(72, NULL, 44, 31, '-4.0000', '2018-09-20 15:27:16'),
(73, NULL, 44, 32, '-2.0000', '2018-09-20 15:27:16'),
(74, NULL, 44, 33, '-3.0000', '2018-09-20 15:27:16'),
(75, NULL, 44, 34, '-2.0000', '2018-09-20 15:27:16'),
(76, NULL, 44, 35, '-3.0000', '2018-09-20 15:27:16'),
(77, NULL, 44, 36, '-6.0000', '2018-09-20 15:27:16'),
(78, NULL, 44, 37, '-2.0000', '2018-09-20 15:27:16'),
(79, NULL, 44, 38, '-3.0000', '2018-09-20 15:27:16'),
(80, NULL, 44, 39, '-7.0000', '2018-09-20 15:27:16'),
(81, NULL, 44, 41, '-2.0000', '2018-09-20 15:27:16'),
(82, NULL, 44, 42, '-8.0000', '2018-09-20 15:27:16'),
(83, NULL, 44, 70, '-12.0000', '2018-09-20 15:27:16'),
(84, NULL, 44, 44, '-10.0000', '2018-09-20 15:27:16'),
(85, NULL, 44, 45, '-5.0000', '2018-09-20 15:27:16'),
(86, NULL, 44, 46, '-3.0000', '2018-09-20 15:27:16'),
(87, NULL, 44, 47, '-3.0000', '2018-09-20 15:27:16'),
(88, NULL, 44, 50, '-4.0000', '2018-09-20 15:27:16'),
(89, NULL, 44, 51, '-1.0000', '2018-09-20 15:27:16'),
(90, NULL, 44, 52, '-5.0000', '2018-09-20 15:27:16'),
(91, NULL, 44, 53, '-5.0000', '2018-09-20 15:27:16'),
(92, NULL, 44, 54, '-3.0000', '2018-09-20 15:27:16'),
(93, NULL, 44, 55, '-7.0000', '2018-09-20 15:27:16'),
(94, NULL, 44, 56, '-7.0000', '2018-09-20 15:27:16'),
(95, NULL, 44, 57, '-3.0000', '2018-09-20 15:27:16'),
(96, NULL, 44, 58, '-6.0000', '2018-09-20 15:27:16'),
(97, NULL, 44, 59, '-5.0000', '2018-09-20 15:27:16'),
(98, NULL, 44, 60, '-9.0000', '2018-09-20 15:27:16'),
(99, NULL, 44, 61, '-8.0000', '2018-09-20 15:27:16'),
(100, NULL, 44, 62, '-3.0000', '2018-09-20 15:27:16'),
(101, NULL, 44, 63, '-4.0000', '2018-09-20 15:27:16'),
(102, NULL, 44, 64, '-5.0000', '2018-09-20 15:27:16'),
(103, NULL, 44, 65, '-2.0000', '2018-09-20 15:27:16'),
(104, NULL, 44, 71, '-6.0000', '2018-09-20 15:27:16'),
(105, NULL, 44, 72, '-1.0000', '2018-09-20 15:27:16'),
(106, NULL, 44, 40, '-6.0000', '2018-09-20 15:27:16'),
(107, NULL, 44, 48, '-2.0000', '2018-09-20 15:27:16'),
(108, 12, NULL, 7, '10.0000', '2018-09-26 18:34:08'),
(109, 12, NULL, 7, '15.0000', '2018-09-26 18:34:08'),
(110, 20, NULL, 83, '1.0000', '2018-10-16 17:17:40'),
(111, 20, NULL, 84, '1.0000', '2018-10-16 17:17:40'),
(112, 21, NULL, 76, '1.0000', '2018-10-16 17:23:49'),
(113, NULL, 45, 19, '-3.0000', '2018-10-16 18:09:06'),
(114, NULL, 45, 69, '-3.0000', '2018-10-16 18:09:06'),
(115, NULL, 45, 76, '-3.0000', '2018-10-16 18:09:06'),
(116, 27, NULL, 50, '1.0000', '2018-10-29 10:45:38'),
(117, 27, NULL, 50, '6.0000', '2018-10-29 10:45:38'),
(118, 27, NULL, 50, '6.0000', '2018-10-29 10:45:38'),
(119, 26, NULL, 51, '1.0000', '2018-10-29 10:45:46'),
(120, 26, NULL, 48, '7.0000', '2018-10-29 10:45:46'),
(121, 26, NULL, 51, '1.0000', '2018-10-29 10:45:46'),
(122, 26, NULL, 51, '1.0000', '2018-10-29 10:45:46'),
(123, 26, NULL, 48, '12.0000', '2018-10-29 10:45:46'),
(124, 25, NULL, 45, '10.0000', '2018-10-29 10:45:51'),
(125, 25, NULL, 45, '5.0000', '2018-10-29 10:45:51'),
(126, 25, NULL, 45, '5.0000', '2018-10-29 10:45:51'),
(127, 24, NULL, 27, '17.0000', '2018-10-29 10:45:58'),
(128, 24, NULL, 27, '17.0000', '2018-10-29 10:45:58'),
(129, 24, NULL, 109, '8.0000', '2018-10-29 10:45:58'),
(130, 24, NULL, 27, '17.0000', '2018-10-29 10:45:58'),
(131, 23, NULL, 22, '5.0000', '2018-10-29 10:46:06'),
(132, 23, NULL, 19, '15.0000', '2018-10-29 10:46:06'),
(133, 23, NULL, 22, '40.0000', '2018-10-29 10:46:06'),
(134, 22, NULL, 69, '5.0000', '2018-10-29 10:46:14'),
(135, 22, NULL, 19, '2.0000', '2018-10-29 10:46:14'),
(136, 22, NULL, 79, '20.0000', '2018-10-29 10:46:14'),
(137, 22, NULL, 80, '20.0000', '2018-10-29 10:46:14'),
(138, 22, NULL, 81, '20.0000', '2018-10-29 10:46:14'),
(139, 22, NULL, 85, '10.0000', '2018-10-29 10:46:14'),
(140, 22, NULL, 86, '5.0000', '2018-10-29 10:46:14'),
(141, 22, NULL, 87, '2.0000', '2018-10-29 10:46:14'),
(142, 22, NULL, 88, '10.0000', '2018-10-29 10:46:14'),
(143, 22, NULL, 89, '6.0000', '2018-10-29 10:46:14'),
(144, 22, NULL, 90, '100.0000', '2018-10-29 10:46:14'),
(145, 22, NULL, 91, '200.0000', '2018-10-29 10:46:14'),
(146, 22, NULL, 93, '100.0000', '2018-10-29 10:46:14'),
(147, 22, NULL, 98, '2.0000', '2018-10-29 10:46:14'),
(148, 22, NULL, 104, '50.0000', '2018-10-29 10:46:14'),
(149, NULL, 46, 109, '-20.0000', '2018-10-29 10:46:46'),
(150, NULL, 46, 106, '-5.0000', '2018-10-29 10:46:46'),
(151, NULL, 46, 90, '-30.0000', '2018-10-29 10:46:46'),
(152, NULL, 46, 64, '-15.0000', '2018-10-29 10:46:46'),
(153, NULL, 46, 63, '-5.0000', '2018-10-29 10:46:46'),
(154, NULL, 46, 62, '-5.0000', '2018-10-29 10:46:46'),
(155, NULL, 46, 61, '-10.0000', '2018-10-29 10:46:46'),
(156, NULL, 46, 60, '-5.0000', '2018-10-29 10:46:46'),
(157, NULL, 46, 59, '-15.0000', '2018-10-29 10:46:46'),
(158, NULL, 46, 58, '-20.0000', '2018-10-29 10:46:46'),
(159, NULL, 46, 55, '-5.0000', '2018-10-29 10:46:46'),
(160, NULL, 46, 54, '-15.0000', '2018-10-29 10:46:46'),
(161, NULL, 46, 52, '-5.0000', '2018-10-29 10:46:46'),
(162, NULL, 46, 49, '-5.0000', '2018-10-29 10:46:46'),
(163, NULL, 46, 51, '-5.0000', '2018-10-29 10:46:46'),
(164, NULL, 46, 50, '-10.0000', '2018-10-29 10:46:46'),
(165, NULL, 46, 48, '-15.0000', '2018-10-29 10:46:46'),
(166, NULL, 46, 47, '-5.0000', '2018-10-29 10:46:46'),
(167, NULL, 46, 46, '-5.0000', '2018-10-29 10:46:46'),
(168, NULL, 46, 45, '-5.0000', '2018-10-29 10:46:46'),
(169, NULL, 46, 44, '-10.0000', '2018-10-29 10:46:46'),
(170, NULL, 46, 70, '-20.0000', '2018-10-29 10:46:46'),
(171, NULL, 46, 42, '-20.0000', '2018-10-29 10:46:46'),
(172, NULL, 46, 41, '-10.0000', '2018-10-29 10:46:46'),
(173, NULL, 46, 40, '-30.0000', '2018-10-29 10:46:46'),
(174, NULL, 46, 115, '-5.0000', '2018-10-29 10:46:46'),
(175, NULL, 46, 114, '-5.0000', '2018-10-29 10:46:46'),
(176, NULL, 46, 36, '-10.0000', '2018-10-29 10:46:46'),
(177, NULL, 46, 35, '-5.0000', '2018-10-29 10:46:46'),
(178, NULL, 46, 34, '-5.0000', '2018-10-29 10:46:46'),
(179, NULL, 46, 33, '-5.0000', '2018-10-29 10:46:46'),
(180, NULL, 46, 112, '-5.0000', '2018-10-29 10:46:46'),
(181, NULL, 46, 81, '-5.0000', '2018-10-29 10:46:46'),
(182, NULL, 46, 80, '-10.0000', '2018-10-29 10:46:46'),
(183, NULL, 46, 104, '-75.0000', '2018-10-29 10:46:46'),
(184, NULL, 46, 29, '-25.0000', '2018-10-29 10:46:46'),
(185, NULL, 46, 28, '-80.0000', '2018-10-29 10:46:46'),
(186, NULL, 46, 27, '-20.0000', '2018-10-29 10:46:46'),
(187, NULL, 46, 22, '-80.0000', '2018-10-29 10:46:46'),
(188, NULL, 46, 92, '-65.0000', '2018-10-29 10:46:46'),
(189, NULL, 46, 68, '-5.0000', '2018-10-29 10:46:46'),
(190, NULL, 46, 18, '-10.0000', '2018-10-29 10:46:46'),
(191, NULL, 46, 19, '-25.0000', '2018-10-29 10:46:46'),
(192, NULL, 46, 69, '-5.0000', '2018-10-29 10:46:46'),
(193, 19, NULL, 1, '5.0000', '2018-11-19 14:53:02'),
(194, 19, NULL, 7, '2.0000', '2018-11-19 14:53:02'),
(195, NULL, 44, 67, '2.0000', '2018-11-19 15:21:23'),
(196, NULL, 44, 66, '2.0000', '2018-11-19 15:21:23'),
(197, NULL, 44, 6, '2.0000', '2018-11-19 15:21:23'),
(198, NULL, 44, 69, '3.0000', '2018-11-19 15:21:23'),
(199, NULL, 44, 19, '17.0000', '2018-11-19 15:21:23'),
(200, NULL, 44, 18, '7.0000', '2018-11-19 15:21:23'),
(201, NULL, 44, 68, '3.0000', '2018-11-19 15:21:23'),
(202, NULL, 44, 22, '41.0000', '2018-11-19 15:21:23'),
(203, NULL, 44, 27, '12.0000', '2018-11-19 15:21:23'),
(204, NULL, 44, 28, '41.0000', '2018-11-19 15:21:23'),
(205, NULL, 44, 29, '25.0000', '2018-11-19 15:21:23'),
(206, NULL, 44, 33, '3.0000', '2018-11-19 15:21:23'),
(207, NULL, 44, 34, '2.0000', '2018-11-19 15:21:23'),
(208, NULL, 44, 35, '3.0000', '2018-11-19 15:21:23'),
(209, NULL, 44, 36, '6.0000', '2018-11-19 15:21:23'),
(210, NULL, 44, 41, '2.0000', '2018-11-19 15:21:23'),
(211, NULL, 44, 42, '8.0000', '2018-11-19 15:21:23'),
(212, NULL, 44, 70, '12.0000', '2018-11-19 15:21:23'),
(213, NULL, 44, 44, '10.0000', '2018-11-19 15:21:23'),
(214, NULL, 44, 45, '5.0000', '2018-11-19 15:21:23'),
(215, NULL, 44, 46, '3.0000', '2018-11-19 15:21:23'),
(216, NULL, 44, 47, '3.0000', '2018-11-19 15:21:23'),
(217, NULL, 44, 50, '4.0000', '2018-11-19 15:21:23'),
(218, NULL, 44, 51, '1.0000', '2018-11-19 15:21:23'),
(219, NULL, 44, 52, '5.0000', '2018-11-19 15:21:23'),
(220, NULL, 44, 54, '3.0000', '2018-11-19 15:21:23'),
(221, NULL, 44, 55, '7.0000', '2018-11-19 15:21:23'),
(222, NULL, 44, 56, '7.0000', '2018-11-19 15:21:23'),
(223, NULL, 44, 57, '3.0000', '2018-11-19 15:21:23'),
(224, NULL, 44, 58, '6.0000', '2018-11-19 15:21:23'),
(225, NULL, 44, 59, '5.0000', '2018-11-19 15:21:23'),
(226, NULL, 44, 60, '9.0000', '2018-11-19 15:21:23'),
(227, NULL, 44, 61, '8.0000', '2018-11-19 15:21:23'),
(228, NULL, 44, 62, '3.0000', '2018-11-19 15:21:23'),
(229, NULL, 44, 63, '4.0000', '2018-11-19 15:21:23'),
(230, NULL, 44, 64, '5.0000', '2018-11-19 15:21:23'),
(231, NULL, 44, 65, '2.0000', '2018-11-19 15:21:23'),
(232, NULL, 44, 72, '1.0000', '2018-11-19 15:21:23'),
(233, NULL, 44, 40, '6.0000', '2018-11-19 15:21:23'),
(234, NULL, 44, 48, '2.0000', '2018-11-19 15:21:23'),
(235, NULL, 44, 67, '2.0000', '2018-11-19 15:21:23'),
(236, NULL, 44, 66, '2.0000', '2018-11-19 15:21:23'),
(237, NULL, 44, 6, '2.0000', '2018-11-19 15:21:23'),
(238, NULL, 44, 69, '3.0000', '2018-11-19 15:21:23'),
(239, NULL, 44, 19, '17.0000', '2018-11-19 15:21:23'),
(240, NULL, 44, 18, '7.0000', '2018-11-19 15:21:23'),
(241, NULL, 44, 68, '3.0000', '2018-11-19 15:21:23'),
(242, NULL, 44, 22, '41.0000', '2018-11-19 15:21:23'),
(243, NULL, 44, 27, '12.0000', '2018-11-19 15:21:23'),
(244, NULL, 44, 28, '41.0000', '2018-11-19 15:21:23'),
(245, NULL, 44, 29, '25.0000', '2018-11-19 15:21:23'),
(246, NULL, 44, 33, '3.0000', '2018-11-19 15:21:23'),
(247, NULL, 44, 34, '2.0000', '2018-11-19 15:21:23'),
(248, NULL, 44, 35, '3.0000', '2018-11-19 15:21:23'),
(249, NULL, 44, 36, '6.0000', '2018-11-19 15:21:23'),
(250, NULL, 44, 41, '2.0000', '2018-11-19 15:21:23'),
(251, NULL, 44, 42, '8.0000', '2018-11-19 15:21:23'),
(252, NULL, 44, 70, '12.0000', '2018-11-19 15:21:23'),
(253, NULL, 44, 44, '10.0000', '2018-11-19 15:21:23'),
(254, NULL, 44, 45, '5.0000', '2018-11-19 15:21:23'),
(255, NULL, 44, 46, '3.0000', '2018-11-19 15:21:23'),
(256, NULL, 44, 47, '3.0000', '2018-11-19 15:21:23'),
(257, NULL, 44, 50, '4.0000', '2018-11-19 15:21:23'),
(258, NULL, 44, 51, '1.0000', '2018-11-19 15:21:23'),
(259, NULL, 44, 52, '5.0000', '2018-11-19 15:21:23'),
(260, NULL, 44, 54, '3.0000', '2018-11-19 15:21:23'),
(261, NULL, 44, 55, '7.0000', '2018-11-19 15:21:23'),
(262, NULL, 44, 56, '7.0000', '2018-11-19 15:21:23'),
(263, NULL, 44, 57, '3.0000', '2018-11-19 15:21:23'),
(264, NULL, 44, 58, '6.0000', '2018-11-19 15:21:23'),
(265, NULL, 44, 59, '5.0000', '2018-11-19 15:21:23'),
(266, NULL, 44, 60, '9.0000', '2018-11-19 15:21:23'),
(267, NULL, 44, 61, '8.0000', '2018-11-19 15:21:23'),
(268, NULL, 44, 62, '3.0000', '2018-11-19 15:21:23'),
(269, NULL, 44, 63, '4.0000', '2018-11-19 15:21:23'),
(270, NULL, 44, 64, '5.0000', '2018-11-19 15:21:23'),
(271, NULL, 44, 65, '2.0000', '2018-11-19 15:21:23'),
(272, NULL, 44, 72, '1.0000', '2018-11-19 15:21:23'),
(273, NULL, 44, 40, '6.0000', '2018-11-19 15:21:23'),
(274, NULL, 44, 48, '2.0000', '2018-11-19 15:21:23'),
(275, NULL, 45, 19, '3.0000', '2018-11-19 15:21:42'),
(276, NULL, 45, 69, '3.0000', '2018-11-19 15:21:42'),
(277, NULL, 45, 76, '3.0000', '2018-11-19 15:21:42'),
(278, 28, NULL, 75, '5.0000', '2018-11-23 10:14:19');

-- --------------------------------------------------------

--
-- Table structure for table `supplier`
--

DROP TABLE IF EXISTS `supplier`;
CREATE TABLE IF NOT EXISTS `supplier` (
  `sup_id` int(11) NOT NULL AUTO_INCREMENT,
  `sup_name` varchar(255) DEFAULT NULL,
  `sup_email` varchar(255) DEFAULT NULL,
  `sup_mobile` varchar(255) DEFAULT NULL,
  `sup_phone` varchar(100) DEFAULT NULL,
  `sup_contact_person` varchar(200) DEFAULT NULL,
  `sup_address` varchar(1024) DEFAULT NULL,
  `sup_place` varchar(255) DEFAULT NULL,
  `sup_city` varchar(255) DEFAULT NULL,
  `sup_state` varchar(255) DEFAULT NULL,
  `sup_pin` varchar(10) DEFAULT NULL,
  `gst_no` varchar(50) DEFAULT NULL,
  `state_code` int(11) DEFAULT NULL,
  `create_at` datetime DEFAULT NULL,
  `updated_at` datetime DEFAULT NULL,
  `status` enum('active','inactive') DEFAULT NULL,
  PRIMARY KEY (`sup_id`)
) ENGINE=MyISAM AUTO_INCREMENT=39 DEFAULT CHARSET=latin1;

--
-- Dumping data for table `supplier`
--

INSERT INTO `supplier` (`sup_id`, `sup_name`, `sup_email`, `sup_mobile`, `sup_phone`, `sup_contact_person`, `sup_address`, `sup_place`, `sup_city`, `sup_state`, `sup_pin`, `gst_no`, `state_code`, `create_at`, `updated_at`, `status`) VALUES
(8, 'Lakshmi Venkateshwara Polymer', 'lakshmivenkateshwarapolymer@gmail.com', '9916155992/ 9513360820', '', NULL, '#4A,15th Cross, Muthurayaswamy Layout, Sunkadakatte,, Vishwaneedam Post, Bangalore ', 'Sunkadakatte', 'Bangalore', 'Karnataka', '560 091', '29AAGFL1746E1ZC', 29, '2018-09-11 10:37:26', NULL, 'active'),
(2, 'Orange', 'orangeonlinemediacbe@gmail.com', '9787616123', '', '', '29,30 D.B Road', 'RS Puram', 'Coimbatore', 'TN', '641007', 'GSTIN123456789', 33, NULL, '2018-10-12 13:38:23', 'active'),
(3, 'B2B Orange', 'cravindr@gmail.com', '9944416123', NULL, NULL, 'Veerakeralam', '', 'Coimbatore', 'TAMIL NADU', '', '', 0, NULL, '2018-07-26 13:25:06', 'active'),
(4, 'The Brand', NULL, NULL, NULL, NULL, NULL, NULL, NULL, NULL, NULL, NULL, NULL, NULL, NULL, 'active'),
(9, 'Manish Electro Cab', 'salesmancab@gmail.Com', '', '', NULL, '# 114, G.F. & FF.Laxman Rao Road, BVK Iyengar Road, Cross, Bangalore ', 'BVK Iyengar Road', 'Bangalore ', 'Karnataka', '560 053', '29AFWPD9460Q1Z9', 29, '2018-09-11 10:47:45', NULL, 'active'),
(10, 'Shruthi Power Control', '', '', '080-22203781/ 41220579', NULL, '48,A.M.Lane,Basettypet, B.V.K. Iyengar Road Cross, Bangalore', 'B.V.K. Iyengar Road', 'Bangalore', 'Karnataka', '560 053', '29ADHPK6839K1ZW', 29, '2018-09-11 10:52:51', NULL, 'active'),
(11, 'Gauge International', '', '', '080-40691691', NULL, '# 1023/140, 20th Main, 5th Block, Rajajinagar, West of Chord Road, Bangalore ', 'Rajajinagar', 'Bangalore', 'Karnataka', '560010', '29AARFG3417G1Z6', 29, '2018-09-11 10:55:41', NULL, 'active'),
(12, 'J.K.Enterprises', '', '', '0422-2910539', NULL, 'Old No.15-B,New No.27, Vinayakar Koil Street, Sakthinagar,Uppilipalayam (PO), Coimbatore ', 'Uppilipalayam (PO)', 'Coimbatore ', 'Tamil Nadu', '641 015', '33AAGFJ0355B1Z0', 33, '2018-09-11 11:01:18', NULL, 'active'),
(13, 'Noor Traders', '', '9845083949', '080-41243749', NULL, 'No - 9/4, H.K.K.Lane, S.P.Road Cross, Bangalore', 'S.P.Road ', 'Bangalore', 'Karnataka', '560 002', '29ALLPM2096E1ZT', 29, '2018-09-11 11:05:45', NULL, 'active'),
(14, 'Vel Industries', '', '', '', NULL, '# 1563, 1649, 5th Main Road, Kaveripura, Kamakshipalya, Bengaluru ', 'Kamakshipalya', 'Bangalore', 'Karnataka', '560 079', '29AMDPP9236G1ZO', 29, '2018-09-11 11:15:15', NULL, 'active'),
(15, 'Mahadev Metal Suppliers', '', '', '', NULL, '# 17, 3rd Cross, Kamakshipalya, Vrushabavathi Nagar, Magadi Main Road, Bangalore ', 'Magadi Main Road', 'Bangalore', 'Karnataka', '560 079', '29ABBFM9042Q1ZK', 29, '2018-09-11 11:24:03', NULL, 'active'),
(16, 'Heaters India', 'arun@heatersindia.co.in', '', '080-28367755', NULL, '#34,3rd Block,3rd Floor,14th Cross, IV Phase, Ms Industrial Complex, PIA II Stage, Bangalore ', 'PIA II Stage', 'Bangalore ', 'Karnataka', '560 058', '29AAFFH3878Q1ZF', 29, '2018-09-11 11:33:06', NULL, 'active'),
(17, 'Anand Products', 'anandproducts@hotmail.com', '', '', NULL, 'No.8,S.D.V. Khoday Complex, 41-43,A.M.Lane,B.V.K. Iyengar Road Cross, Bangalore', 'B.V.K. Iyengar Road ', 'Bangalore', 'Karnataka', '560 053', '29AACFA5770F1ZH', 29, '2018-09-11 12:19:57', NULL, 'active'),
(18, 'Sewmach Electricals', 'sewmach@gmail.com', '', '080-22389369', NULL, '#50/1,2nd Floor, B.S.R. Towers, G.K.Temple Street, Laxman Rao Road, Balepet Cross, Bangalore ', 'Balepet Cross,', 'Bangalore ', 'Karnatka', '560053', '29ADCPK7926Q1ZR', 29, '2018-09-11 12:34:42', '2018-09-11 12:38:55', 'active'),
(19, 'N.R.& Company', 'nrandcompany2008@gmail.com', '09449555973/ 9880337529', '', NULL, '# 13, 1 St Cross, Near Pataki Goden, Sanjeevininagar, Hegganahalli, Vishwaneedam Post, Bangalore.', 'Hegganahalli', 'Bangalore', 'Karnataka', '560 091', '29AAGFN9857N1Z7', 29, '2018-09-11 12:54:52', NULL, 'active'),
(20, 'Sree Vignesh Fab Tech', 'vigneshfabtech@gmail.Com', '9845948311', '', NULL, '# 16/17, 2nd \'B\' Cross, Doddana Industrial Estate, Behind Dairy Bus Stop, Near Peenya 2nd Stage, Bangalore ', 'Peenya 2nd stage', 'Bangalore ', 'Karnataka', '560 091', '29AXGPJ8745G1Z1', 29, '2018-09-12 15:45:32', NULL, 'active'),
(21, 'Vinseal Business Solutions', 'vinseal.bs@gmail.Com', '9986899918', '', NULL, '#4, 1st Cross, 1st Main, V.R.Layout, Near to KEB, Railway Track Pareallel Road, Mattikere, Bangalore', 'Mattikere', 'Bangalore', 'Karnataka', '560 054', '29AFHPN1800P1Z4', 29, '2018-09-12 16:07:26', NULL, 'active'),
(22, 'Aditya Enterprises', 'adityaenterprises.ck@gmail.Com', '9342248827', '', NULL, '# 3/1, H.K.K Lane, S.P.Road, Cross, Bangalore ', 'S.P. Road Cross', 'Bangalore ', 'Karnataka', '560 002', '29ACYPJ5190N1ZI', 29, '2018-09-12 16:22:34', NULL, 'active'),
(23, 'Electro Products Inc', 'accounts@electroproducts.in', '', '', NULL, '31/31,Ground Floor, Hegganahalli Main Road, Vishwaneedam Post, Bangalore', 'Hegganahalli', 'Bangalore', 'Karnataka', '560 091', '29AJLPV6841N1Z4', 29, '2018-09-14 11:50:47', NULL, 'active'),
(24, 'Balaji Electronics', '', '', '', NULL, 'No.5,Mandi Veerappa Lane, S.J.P.Road Cross, Bangalore', 'S.J.P Road', 'Bangalore', 'Karnataka', '560 002', '29AAZPL1767E1Z3', 29, '2018-09-14 12:03:21', NULL, 'active'),
(25, 'Hanuman Industrial Suppliers', '', '8147652407 / 9980356833', '', NULL, '# 65/2, Ramamandira Road, Near Aaladamara, Kaveripura, Kamakshipalya, Bangalore', 'Kamakshipalya', 'Bangalore', 'Karnataka', '560 079', '29AAFFH8831F1Z7', 29, '2018-09-14 12:53:48', NULL, 'active'),
(26, 'Hi -Tech Industrial Stores', '', '', '', NULL, '#161/3,S.P.Road, Bangalore', 'S.P. Road ', 'Bangalore', 'Karnataka', '560 002', '29AACFH6396L1ZP', 29, '2018-09-14 14:25:32', NULL, 'active'),
(27, 'Matha Springs', '', '9902703601', '', NULL, 'S.No.36/1,Madduraiah Layout, Gollarahatti Nice Ring Road, Kodigehalli, Magadi Main Road, Bangalore ', 'Magadi Main Road', 'Bangalore ', 'Karnataka', '560 091', '29BQRPK3176P1ZS', 29, '2018-09-19 10:16:57', NULL, 'active'),
(28, 'Fakhri Sons', '', '', '22295281, 41243622', NULL, '23/5,Sadar Patrappa Road, Bangalore', 'Sadar Patrappa Road', 'Bangalore', 'Karnataka', '560 002', '29AAVPM8762A1Z5', 29, '2018-09-19 10:38:42', NULL, 'active'),
(29, 'Om Enterprises', 'omenterprisesk3@gmail.com', '', '', NULL, 'No 10/1, 2nd Cross, Gramadevatha Temple Street, Adugodi Post, Bangalore ', 'Adugodi Post', 'Bangalore ', 'Karnataka', '560 030', '29AAFFO8597B1ZT', 29, '2018-09-19 10:54:21', NULL, 'active'),
(30, 'Arihant Hardware', 'arihant_hardware@yahoo.com', '', '080-43944013/ 41249981', NULL, '#2,D.S.Lane,S.P.Road Cross, Bangalore ', 'S.P.Road ', 'Bangalore', 'Karnataka', '560 002', '29AAEFA6870G1ZA', 29, '2018-09-19 11:22:43', NULL, 'active'),
(31, 'M.B.Trade Corporation', 'mbtradecorporation@yahoo.com', '', '', NULL, '#56 Kumbarpet, Main Road, Bangalore ', 'Kumbarpet', 'Bangalore ', 'Karnataka', '560 002', '29AAKCS9137K1ZL', 29, '2018-09-19 11:29:42', NULL, 'active'),
(32, 'Alba Equipments', '', '', '23483968', NULL, 'S-5, Petechennappa Industrial Estate, Kamakshipalya, Bangalore ', 'Kamakshipalya', 'Bangalore ', 'Karnataka', '560 079', '29AEEPJ3716J1ZE', 29, '2018-09-19 11:35:58', NULL, 'active'),
(33, 'Arora Trading Co.', '', '9810212494', '26220365, 26478170', NULL, '32-B/1,  Govindpuri, Kalkaji, New Delhi', 'Kalkaji', 'New Delhi', 'New Delhi', '110019', '07AFOPA4661C1ZQ', 7, '2018-09-19 11:42:34', NULL, 'active'),
(34, 'Shri Radhey Trading', '', '', '', NULL, 'C-4/89 A, Lawrence Road, Keshav Puram, North West, Delhi', 'Keshav Puram', 'Delhi', 'Delhi', '', '07ADJFS1982M1ZF', 7, '2018-09-19 11:56:00', NULL, 'active'),
(35, 'Naveen Scientific Glass Products', 'nsgp.blr@gmail.com', '9448094245', '23386274', NULL, '80/11,22nd Cross, Govindarajanagar, Bangalore', 'Govindarajanaga', 'Bangalore', 'Karnataka', '560 040', '29ADWPG4972C1Z4', 29, '2018-09-19 12:32:09', NULL, 'active'),
(36, 'Gautam Rahul Sales', '', '', '28391293', NULL, 'No.10, Muneswara Industrial Esate, Peenya, Bangalore', 'Peenya', 'Bangalore', 'Karnataka', '560058', '29AAIPH2014C1ZB', 29, '2018-09-19 12:45:27', NULL, 'active'),
(37, 'Neo Labels', '', '', '', NULL, '#39,2nd Floor, Govardhan Garden,JC Industrial Area, Kanakapura Main Road,Bangalore', 'JC Industrial Area', 'Bangalore', 'Karnataka', '560062', '29AAJFN7571L1ZH', 29, '2018-09-19 12:59:33', NULL, 'active'),
(38, 'Sapthagiri Packers', 'sapthagiripackersblr@gmail.com', '', '080 - 28360610', NULL, 'Plot # 8, Mayura Nagar, (Maruthi Nagar) Andrahalli Main Road, Vishwaneedam Post Hegganahalli, Near Peenya 2nd Stage, Bangalore ', 'Hegganahalli', 'Bangalore', 'Karnataka', '560 091', '29ACHPC9223C1ZV', 29, '2018-09-19 13:07:28', NULL, 'active');

-- --------------------------------------------------------

--
-- Table structure for table `transaction`
--

DROP TABLE IF EXISTS `transaction`;
CREATE TABLE IF NOT EXISTS `transaction` (
  `trans_id` int(11) NOT NULL AUTO_INCREMENT,
  `name` varchar(200) DEFAULT NULL,
  `note` varchar(1024) DEFAULT NULL,
  `cdate` datetime DEFAULT NULL,
  `status` enum('active','inactive','cancled') DEFAULT NULL,
  PRIMARY KEY (`trans_id`)
) ENGINE=MyISAM AUTO_INCREMENT=47 DEFAULT CHARSET=latin1;

--
-- Dumping data for table `transaction`
--

INSERT INTO `transaction` (`trans_id`, `name`, `note`, `cdate`, `status`) VALUES
(1, 'test', 'test', '2018-09-05 14:52:49', NULL),
(2, 'test', 'test', '2018-09-05 14:52:49', NULL),
(3, 'test', 'test', '2018-09-05 14:52:49', NULL),
(4, 'test', 'test', '2018-09-05 14:52:49', NULL),
(5, 'test', 'test', '2018-09-05 14:52:49', NULL),
(6, 'test', 'test', '2018-09-05 14:55:14', NULL),
(7, 'test', 'test', '2018-09-05 14:55:14', NULL),
(8, 'test', 'test', '2018-09-05 14:55:14', NULL),
(9, 'test', 'test', '2018-09-05 14:55:14', NULL),
(10, 'test', 'test', '2018-09-05 14:55:14', NULL),
(11, 'test', 'test', '2018-09-05 14:56:01', NULL),
(12, 'test', 'test', '2018-09-05 14:56:01', NULL),
(13, 'test', 'test', '2018-09-05 14:56:01', NULL),
(14, 'test', 'test', '2018-09-05 14:56:01', NULL),
(15, 'test', 'test', '2018-09-05 14:57:25', NULL),
(16, 'test', 'test', '2018-09-05 14:57:25', NULL),
(17, 'test', 'test', '2018-09-05 14:57:25', NULL),
(18, 'test', 'test', '2018-09-05 14:57:25', NULL),
(19, 'test', 'test', '2018-09-05 14:58:20', NULL),
(20, 'test', 'test', '2018-09-05 14:58:20', NULL),
(21, 'test', 'test', '2018-09-05 14:58:20', NULL),
(22, 'test', 'test', '2018-09-05 14:58:20', NULL),
(23, 'Santoshi', 'Santoisgh  Stream Bath Orde', '2018-09-05 14:59:33', NULL),
(24, 'Santoshi', 'Santoisgh  Stream Bath Orde', '2018-09-05 14:59:33', NULL),
(25, 'Santoshi', 'Santoisgh  Stream Bath Orde', '2018-09-05 14:59:33', NULL),
(26, 'Santoshi', 'Santoisgh  Stream Bath Orde', '2018-09-05 14:59:33', NULL),
(27, 'Santoshi 2', 'Santoisgh  Stream Bath Orde2', '2018-09-05 15:02:14', NULL),
(28, 'Santoshi 2', 'Santoisgh  Stream Bath Orde2', '2018-09-05 15:02:14', NULL),
(29, 'Santoshi 2', 'Santoisgh  Stream Bath Orde2', '2018-09-05 15:02:14', NULL),
(30, 'Santoshi 2', 'Santoisgh  Stream Bath Orde2', '2018-09-05 15:02:14', NULL),
(31, 'Ravindran ', 'Ravi\'s Stream Box', '2018-09-05 15:04:06', NULL),
(32, 'Ravindran 2', 'Ravi\'s Stream Box2', '2018-09-05 15:06:18', NULL),
(33, 'Murugan', 'Washing Machine 2', '2018-09-05 15:09:07', NULL),
(34, 'Ravi', 'Boiler', '2018-09-05 15:10:10', NULL),
(35, 'Murugan', 'Boiler', '2018-09-05 15:10:53', NULL),
(36, 'Myn Namne', 'For Myname ORder of Heater', '2018-09-06 11:49:06', NULL),
(37, 'xx', 'xx boiler', '2018-09-06 11:58:06', NULL),
(38, 'xx', 'xxx', '2018-09-06 12:00:23', NULL),
(39, 'x', 'x', '2018-09-06 12:01:37', NULL),
(40, 'xx', 'cc', '2018-09-06 12:13:13', 'cancled'),
(41, 'My test Transaction', 'My Test Transction Spare for Boiler', '2018-09-06 13:23:14', 'cancled'),
(42, 'Santosi', 'Santosi Order Boiler', '2018-09-07 12:35:16', 'active'),
(43, 'ashwini', '124', '2018-09-20 12:22:36', 'cancled'),
(44, 'solwin', '', '2018-09-20 15:27:16', 'cancled'),
(45, 'Karur', '', '2018-10-16 18:09:06', 'cancled'),
(46, 'SGMPL 1', '', '2018-10-29 10:46:46', 'active');

-- --------------------------------------------------------

--
-- Table structure for table `users`
--

DROP TABLE IF EXISTS `users`;
CREATE TABLE IF NOT EXISTS `users` (
  `user_id` int(11) NOT NULL AUTO_INCREMENT,
  `user_name` varchar(255) DEFAULT NULL,
  `user_email` varchar(500) DEFAULT NULL,
  `username` varchar(512) DEFAULT NULL,
  `password` varchar(512) DEFAULT NULL,
  `otp` varchar(10) DEFAULT NULL,
  `created_at` timestamp NULL DEFAULT NULL,
  `updated_at` datetime DEFAULT NULL,
  `status` enum('active','inactive') DEFAULT NULL,
  PRIMARY KEY (`user_id`)
) ENGINE=MyISAM AUTO_INCREMENT=2 DEFAULT CHARSET=latin1;

--
-- Dumping data for table `users`
--

INSERT INTO `users` (`user_id`, `user_name`, `user_email`, `username`, `password`, `otp`, `created_at`, `updated_at`, `status`) VALUES
(1, 'Aravinth', 'anthu1510@gmail.com', 'admin', 'e10adc3949ba59abbe56e057f20f883e', NULL, NULL, NULL, 'active');
COMMIT;

/*!40101 SET CHARACTER_SET_CLIENT=@OLD_CHARACTER_SET_CLIENT */;
/*!40101 SET CHARACTER_SET_RESULTS=@OLD_CHARACTER_SET_RESULTS */;
/*!40101 SET COLLATION_CONNECTION=@OLD_COLLATION_CONNECTION */;
